schema_version,shortcode,item_type,post_url,author_handle,saved_collection,caption_text,likes_count,comments_count,published_at,audio_title,audio_original_or_trending,data_quality,data_quality_reason,engagement_proxy,trend_age_days,priority_flag,shortlist_flag,parsed_at
1.0,DVQNkc1ittY,post,https://www.instagram.com/p/DVQNkc1ittY/,p,Instagram,"Реально интересные вопросы для ребенка . #ребенок #ребёнок"".",31000,60,,"Мама Может в Instagram : ""Реально интересные вопросы для ребенка . #ребенок #ребёнок""",trending_or_other,partial,some_fields_missing,31132,,watch,no,2026-03-16T14:16:38.352Z
1.0,DU58vGKDTT7,post,https://www.instagram.com/p/DU58vGKDTT7/,p,Instagram,"срочно отправляй своей 30-летней подруге!🐈‍⬛🤌🏼 больше полезного у: @trener_diakova и ты обязательно попробуй, всего 10 упражнений, а ощущения в теле🔥 * упражнения не должны доставлять сильных болевых ощущений, максимум легкий дискомфорт и приятное натяжение! ** видео ускорено в 2-3 раза, выполнять упражнения следует медленно и подконтрольно! ‼️у меня есть курс в записи - 15 полноценных тренировок (25-35 мин каждая тренировка) для развития гибкости, осанки и шпагатов, в формате «смотри и повторяй» доступ навсегда - 99$🔥🔥🔥 пиши в директ «хочу курс»💌 #стретчинг #осанка #здороваяспина #шпагатдома #тренеронлайн"".",87000,1260,,"растяжка • осанка • шпагат • гибкое здоровое тело♥️ в Instagram : ""срочно отправляй своей 30-летней подруге!🐈‍⬛🤌🏼

больше полезного у: @trener_diakova 

и ты обязательно попробуй, всего 10 упражнений, а ощущения в теле🔥

* упражнения не должны доставлять сильных болевых ощущений, максимум легкий дискомфорт и приятное натяжение!
** видео ускорено в 2-3 раза, выполнять упражнения следует медленно и подконтрольно!

‼️у меня есть курс в записи - 15 полноценных тренировок (25-35 мин каждая тренировка) для развития гибкости, осанки и шпагатов, в формате «смотри и повторяй» доступ навсегда - 99$🔥🔥🔥
пиши в директ «хочу курс»💌

#стретчинг #осанка #здороваяспина #шпагатдома #тренеронлайн""",trending_or_other,partial,some_fields_missing,89772,,watch,no,2026-03-16T14:16:38.319Z
1.0,DUu0CAhjf6Z,post,https://www.instagram.com/p/DUu0CAhjf6Z/,p,Instagram,"Мой цветочный стиль 💔"".",317000,1834,,"Павел Полков | Наставник для флористов в Instagram : ""Мой цветочный стиль 💔""",trending_or_other,partial,some_fields_missing,321035,,watch,yes,2026-03-16T14:16:38.523Z
1.0,DQYIYCDEfZX,post,https://www.instagram.com/p/DQYIYCDEfZX/,p,Instagram,"Моё первое видео про нашу кофейню в ленте. Немного коряво, но дальше будет лучше, обещаю!"".",26000,636,,"Гулнура в Instagram : ""Моё первое видео про нашу кофейню в ленте. Немного коряво, но дальше будет лучше, обещаю!""",trending_or_other,partial,some_fields_missing,27399,,watch,no,2026-03-16T14:16:39.650Z
1.0,DPGR7I1jG3j,post,https://www.instagram.com/p/DPGR7I1jG3j/,p,Instagram,"Кого не хватает в этом списке? Комментарии, предложения?💌 Спасибо за просмотр и слушайте классную музыку!"".",65000,1728,,"Настя Грабович•свобода быть собой в Instagram : ""Кого не хватает в этом списке? Комментарии, предложения?💌
 Спасибо за просмотр и слушайте классную музыку!""",trending_or_other,partial,some_fields_missing,68802,,watch,no,2026-03-16T14:16:39.843Z
1.0,DO3qKeFjYgB,post,https://www.instagram.com/p/DO3qKeFjYgB/,p,Instagram,"не могу сказать что прям отрываю от души, скорее отстегиваю. Муа ✨"".",89000,419,,"Клинический психолог | КПТ | Мария в Instagram : ""не могу сказать что прям отрываю от души, скорее отстегиваю. Муа ✨""",trending_or_other,partial,some_fields_missing,89922,,watch,no,2026-03-16T14:16:40.090Z
1.0,DPpClFTCEAe,post,https://www.instagram.com/p/DPpClFTCEAe/,p,Instagram,"Наконец-то закончили обустройство спальни Прямые ccылки оставил в шапке профиля или загляните в комменты 👉"".",628000,2048,,"Александр Би́бик в Instagram : ""Наконец-то закончили обустройство спальни

Прямые ccылки оставил в шапке профиля или загляните в комменты 👉""",trending_or_other,partial,some_fields_missing,632506,,watch,yes,2026-03-16T14:16:41.444Z
1.0,DPmSuYODfa2,post,https://www.instagram.com/p/DPmSuYODfa2/,p,Instagram,"Сохраняй и подавайся, больше лайфхаков по UGC в аккаунте @lexi.newz #ugc #жизньвамерике #жизньвсша #сша"".",230,7,,"Sasha | Videomaker | UGC creator в Instagram : ""Сохраняй и подавайся, больше лайфхаков по UGC в аккаунте @lexi.newz 

#ugc #жизньвамерике #жизньвсша #сша""",trending_or_other,partial,some_fields_missing,245,,watch,no,2026-03-16T14:16:41.509Z
1.0,DN5t3OCCiur,post,https://www.instagram.com/p/DN5t3OCCiur/,p,Instagram,,19000,495,,Лизонька🪡 в Instagram ,trending_or_other,partial,some_fields_missing,20089,,watch,no,2026-03-16T14:16:41.744Z
1.0,DMX971TotFw,post,https://www.instagram.com/p/DMX971TotFw/,p,Instagram,"Если я слышу на консультации что человек хочет стать взрослее, и проработать детскую позицию, я понимаю, что с этим у него все хорошо, потому что инфантильный человек никогда не пойдет с этим в терапию и даже не признает, что с ним что-то не так. ⠀ А вот как раз ответственные тревожные люди, которые рано повзрослели и привыкли много на себя брать, постоянно считают себя недостаточно зрелыми, взрослыми и пытаются еще больше себя засунуть в дисциплину. ⠀ Исцеление для таких людей в проживании детства, которое чаще всего у них было забрано ( инфантильные родители, тревожные времена, небезопасная ситуация), этим людям очень важно по настоящему прожить период детства и подросткового возраста, где не надо брать ответственность за сестру, мать, пьющего отца или загадывать деньги в 14. ⠀ В шапке тест на тревогу, сделай диагностику своего состояния Сейчас и узнай, что делать)"".",25000,414,,"Владислава Гáльченко. Вдохновляю жить🪄 в Instagram : ""Если я слышу на консультации
что человек хочет стать взрослее, и проработать детскую позицию, я понимаю, что с этим у него все хорошо, потому что инфантильный человек никогда не пойдет с этим в терапию и даже не признает, что с ним что-то не так.
⠀
А вот как раз ответственные тревожные люди, которые рано повзрослели и привыкли много на себя брать, постоянно считают себя недостаточно зрелыми, взрослыми и пытаются еще больше себя засунуть в дисциплину.
⠀
Исцеление для таких людей в проживании детства, которое чаще всего у них было забрано ( инфантильные родители, тревожные времена, небезопасная ситуация), этим людям очень важно по настоящему прожить период детства и подросткового возраста, где не надо брать ответственность за сестру, мать, пьющего отца или загадывать деньги в 14.
⠀
В шапке тест на тревогу, сделай диагностику своего состояния Сейчас и узнай, что делать)""",trending_or_other,partial,some_fields_missing,25911,,watch,no,2026-03-16T14:16:42.822Z
1.0,DMzqaVeMX-3,post,https://www.instagram.com/p/DMzqaVeMX-3/,p,Instagram,"отсняли новую коллекцию букетов! ❤️‍🔥 обновляем сайт [ссылка в шапке профиля], чтобы радовать Вас крутыми авторскими букетами! какой букет запал в сердечко? делитесь в комментариях 💌"".",53000,734,,"ATMOS - ЦВЕТЫ ДОСТАВКА | МОСКВА | МЫТИЩИ в Instagram : ""отсняли новую коллекцию букетов! ❤️‍🔥
обновляем сайт [ссылка в шапке профиля], чтобы радовать Вас крутыми авторскими букетами! 

какой букет запал в сердечко? делитесь в комментариях 💌""",trending_or_other,partial,some_fields_missing,54615,,watch,no,2026-03-16T14:16:43.011Z
1.0,DJlT7k4iD3r,post,https://www.instagram.com/p/DJlT7k4iD3r/,p,Instagram,"Тгк: lisaandherbooks"".",25000,2852,,"Лиза — недушные истории в Instagram : ""Тгк: lisaandherbooks""",trending_or_other,partial,some_fields_missing,31274,,watch,no,2026-03-16T14:16:44.007Z
1.0,DH_qvnDu-eR,post,https://www.instagram.com/p/DH_qvnDu-eR/,p,Instagram,"Love watching these reactions of Hi Ren 🫶 big up the reactors 🙏 @robsquadreactions @AJMorenoUK @thefairyvoicemother @thecharismaticvoice @kathrynlaynereacts @ThatSingerDude @JAMEL_AKA_JAMAL #renmakesmusic #ukartist #hiren #originalmusic #mentalhealthawareness #musicreactions"".",2000000,19000,,"Ren в Instagram : ""Love watching these reactions of Hi Ren 🫶

big up the reactors 🙏

@robsquadreactions
@AJMorenoUK 
@thefairyvoicemother
@thecharismaticvoice
@kathrynlaynereacts
@ThatSingerDude 
@JAMEL_AKA_JAMAL 

#renmakesmusic #ukartist #hiren #originalmusic #mentalhealthawareness #musicreactions""",trending_or_other,partial,some_fields_missing,2041800,,watch,yes,2026-03-16T14:16:45.047Z
1.0,DJPj37uot0-,post,https://www.instagram.com/p/DJPj37uot0-/,p,Instagram,"Я не ожидала, что брюки могут быть такими удобными и стильными. AirSense — как спорт, но делово. Chinohose — на все случаи жизни. Хочешь такие же? Пиши — привезу из Германии! #uniqlo#шопингевропа #одеждаизгермании #стильбезграниц"".",7894,178,,"Nurzada Mamytova в Instagram : ""Я не ожидала, что брюки могут быть такими удобными и стильными. AirSense — как спорт, но делово. Chinohose — на все случаи жизни. Хочешь такие же? Пиши — привезу из Германии!
#uniqlo#шопингевропа #одеждаизгермании #стильбезграниц""",trending_or_other,partial,some_fields_missing,8286,,watch,no,2026-03-16T14:16:45.545Z
1.0,DExZEhQoyT9,post,https://www.instagram.com/p/DExZEhQoyT9/,p,Instagram,"Часть 1 — фундаментальная, как говорится 🖤 Вообще, всегда мечтала создать книжный клуб, где мы собирались бы каждое воскресенье, чтобы обсудить прочитанное. Может и будет иногда такое сбываться? 🌙✨🌱"".",97000,427,,"Вика — твоя духовная подруга в Instagram : ""Часть 1 — фундаментальная, как говорится 🖤 Вообще, всегда мечтала создать книжный клуб, где мы собирались бы каждое воскресенье, чтобы обсудить прочитанное. Может и будет иногда такое сбываться? 🌙✨🌱""",trending_or_other,partial,some_fields_missing,97939,,watch,yes,2026-03-16T14:16:45.624Z
1.0,DI-o2ofMq-W,post,https://www.instagram.com/p/DI-o2ofMq-W/,p,Instagram,"1. Прогуляться по ночному городу 2. Смотреть на закат в полной тишине 3. Поиграть в настольную игру 4. Вместе приготовить новое блюдо 5. Выписать 10 причин, за что вы благодарны друг другу 6. Придумать общий ритуал на утро 7. Устроить день без телефонов 8. Пересмотреть старые фото 9. Слушать музыку и просто молчать 10. Побыть туристами в своём городе 11. Написать друг другу письмо от руки 12. Пройти вместе квест 13. Обняться и посидеть молча 10 минут 14. Вместе научиться чему-то новому 15. Спонтанно поехать куда-то 16. Сделать друг другу массаж без намёков на с*кс 17. Придумать совместную мечту 18. Переночевать на новом месте 19. Обсудить самые смелые мечты 20. Сделать подарок без повода 21. Составить совместный плейлист 22. Искренне попросить прощения за старую обиду 23. Признаться в своих страхах 24. Устроить вечер детских воспоминаний 25. Познакомить друг друга со своими любимыми книгами 26. Посетить новое место 27. Придумать своё тайное слово 28. Вместе молчать, не испытывая неловкости 29. Залезть на крышу и просто сидеть 30. Задать друг другу неловкие вопросы 31. Посмотреть фильм о любви 32. Сделать что-то руками вместе: лепка, рисование 33. Устроить пикник 34. Рассказать, о чём давно мечтали 35. Придумать безумный план на выходные 36. Вместе сделать доброе дело 37. Пойти в поход 38. Обменяться списками «что я хочу успеть за жизнь» 39. Послушать подкасты 40. Ввести традицию «вечер правды» раз в месяц 41. Станцевать под музыку 42. Написать совместную историю 43. Пройти челлендж или марафон 44. Обнять крепко, не отпуская, целую минуту 45. Вместе встретить рассвет 46. Поменять маршрут домой 47. Завести совместный дневник наблюдений 48. Признаться в своих слабостях 49. Построить планы на безумное будущее 50. Просто посмотреть друг другу в глаза и не говорить ни слова Полгода и я набрал 100к подписчиков – и это реально! Напиши «Методика» в комментариях, и я расскажу свой рецепт ✔️"".",2906,18,,"Михаил Есаян в Instagram : ""1. Прогуляться по ночному городу 
2. Смотреть на закат в полной тишине 
3. Поиграть в настольную игру 
4. Вместе приготовить новое блюдо 
5. Выписать 10 причин, за что вы благодарны друг другу 
6. Придумать общий ритуал на утро 
7. Устроить день без телефонов 
8. Пересмотреть старые фото 
9. Слушать музыку и просто молчать 
10. Побыть туристами в своём городе 
11. Написать друг другу письмо от руки 
12. Пройти вместе квест 
13. Обняться и посидеть молча 10 минут 
14. Вместе научиться чему-то новому 
15. Спонтанно поехать куда-то
16. Сделать друг другу массаж без намёков на с*кс 
17. Придумать совместную мечту 
18. Переночевать на новом месте 
19. Обсудить самые смелые мечты
20. Сделать подарок без повода 
21. Составить совместный плейлист 
22. Искренне попросить прощения за старую обиду 
23. Признаться в своих страхах 
24. Устроить вечер детских воспоминаний 
25. Познакомить друг друга со своими любимыми книгами 
26. Посетить новое место
27. Придумать своё тайное слово 
28. Вместе молчать, не испытывая неловкости 
29. Залезть на крышу и просто сидеть 
30. Задать друг другу неловкие вопросы 
31. Посмотреть фильм о любви
32. Сделать что-то руками вместе: лепка, рисование 
33. Устроить пикник
34. Рассказать, о чём давно мечтали
35. Придумать безумный план на выходные 
36. Вместе сделать доброе дело
37. Пойти в поход
38. Обменяться списками «что я хочу успеть за жизнь» 
39. Послушать подкасты
40. Ввести традицию «вечер правды» раз в месяц 
41. Станцевать под музыку 
42. Написать совместную историю 
43. Пройти челлендж или марафон 
44. Обнять крепко, не отпуская, целую минуту 
45. Вместе встретить рассвет 
46. Поменять маршрут домой 
47. Завести совместный дневник наблюдений 
48. Признаться в своих слабостях 
49. Построить планы на безумное будущее 
50. Просто посмотреть друг другу в глаза и не говорить ни слова 

Полгода и я набрал 100к подписчиков – и это реально! Напиши «Методика» в комментариях, и я расскажу свой рецепт ✔️""",trending_or_other,partial,some_fields_missing,2946,,watch,no,2026-03-16T14:16:46.441Z
1.0,DIRzn41syHs,post,https://www.instagram.com/p/DIRzn41syHs/,p,Instagram,"Это важно знать каждой🫂 Запоминай и оставайся со мной @arinarykova_ , здесь еще больше контента для твоей здоровой и красивой фигуры ✨"".",348000,1249,,"Арина Рыкова | ФИТНЕС | ТРЕНИРОВКИ | ПИТАНИЕ в Instagram : ""Это важно знать каждой🫂

Запоминай и оставайся со мной @arinarykova_ , здесь еще больше контента для твоей здоровой и красивой фигуры ✨""",trending_or_other,partial,some_fields_missing,350748,,watch,yes,2026-03-16T14:16:47.176Z
1.0,DI3bqGfoiyF,post,https://www.instagram.com/p/DI3bqGfoiyF/,p,Instagram,"Вдруг вы тоже легли спать с мокрой головой. #обьем #hairvolume #hairstyle #hairbyeclipse #tutorialbyeclipse #укладка #сухойшампунь #rnco"".",461,8,,"маша дац в Instagram : ""Вдруг вы тоже легли спать с мокрой головой. 

#обьем #hairvolume #hairstyle #hairbyeclipse #tutorialbyeclipse #укладка #сухойшампунь #rnco""",trending_or_other,partial,some_fields_missing,479,,watch,no,2026-03-16T14:16:48.171Z
1.0,DI0zhawoDWV,post,https://www.instagram.com/p/DI0zhawoDWV/,p,Instagram,"1. “Ты имеешь право на силу. И на мягкость тоже.” Он не обязан быть жёстким, чтобы быть мужественным. Он может быть чувствительным — и при этом сильным. И если мама даст этому место — он не будет прятать свою суть за бронёй. 2. “Я верю тебе, даже если ты ещё учишься быть честным.” Ребёнок не рождается честным — он становится им, когда его не стыдят за ошибки, а поддерживают в правде. 3. “Ты не обязан быть удобным. Но ты всегда важен.” Он должен знать: любовь не зависит от послушания. Тогда он не вырастет мужчиной, который подстраивается, лишь бы его не отвергли. 4. “Твои эмоции не пугают меня. Я рядом.” Слёзы не делают его слабым. А гнев не делает его плохим. Он учится регулировать, только если мама не исчезает от его чувств. 5. “Ты не обязан всё делать идеально. Ты просто учишься.” Мужчина с травмой “будь лучшим” выгорает уже в школе. Мужчина с поддержкой “я с тобой, даже когда не вышло” — растёт с корнем. 6. “У тебя есть своё мнение. И я готова его слушать.” Когда мама слышит его — он потом умеет говорить. Слова мальчика, которые уважают — становятся голосом мужчины, который не молчит. 7. “Ты — это дар. Не потому что ты мой. А потому что ты ты.” Ему не нужно спасать мир, чтобы быть ценным. Если он чувствует свою значимость с детства — он потом не будет искать её в чужом одобрении. Финал: Ты не воспитываешь просто мальчика. Ты закладываешь мужчину, который когда-то будет рядом с женщиной, детьми, миром. Скажи это сегодня. Пусть его сила начинается с твоей веры в него."".",10000,71,,"Ваня Машкарин | ведущий | отношения в Instagram : ""1. “Ты имеешь право на силу. И на мягкость тоже.”
Он не обязан быть жёстким, чтобы быть мужественным.
Он может быть чувствительным — и при этом сильным.
И если мама даст этому место — он не будет прятать свою суть за бронёй.

2. “Я верю тебе, даже если ты ещё учишься быть честным.”
Ребёнок не рождается честным — он становится им,
когда его не стыдят за ошибки, а поддерживают в правде.

3. “Ты не обязан быть удобным. Но ты всегда важен.”
Он должен знать: любовь не зависит от послушания.
Тогда он не вырастет мужчиной, который подстраивается, лишь бы его не отвергли.

4. “Твои эмоции не пугают меня. Я рядом.”
Слёзы не делают его слабым.
А гнев не делает его плохим.
Он учится регулировать, только если мама не исчезает от его чувств.

5. “Ты не обязан всё делать идеально. Ты просто учишься.”
Мужчина с травмой “будь лучшим” выгорает уже в школе.
Мужчина с поддержкой “я с тобой, даже когда не вышло” — растёт с корнем.

6. “У тебя есть своё мнение. И я готова его слушать.”
Когда мама слышит его — он потом умеет говорить.
Слова мальчика, которые уважают — становятся голосом мужчины, который не молчит.

7. “Ты — это дар. Не потому что ты мой. А потому что ты ты.”
Ему не нужно спасать мир, чтобы быть ценным.
Если он чувствует свою значимость с детства —
он потом не будет искать её в чужом одобрении.

Финал:
Ты не воспитываешь просто мальчика.
Ты закладываешь мужчину, который когда-то будет рядом с женщиной, детьми, миром.

Скажи это сегодня.
Пусть его сила начинается с твоей веры в него.""",trending_or_other,partial,some_fields_missing,10156,,watch,no,2026-03-16T14:16:47.813Z
1.0,DIRb6oLIL86,post,https://www.instagram.com/p/DIRb6oLIL86/,p,Instagram,"@stashmua"".",77000,733,,"Старцева Наталья Визажист Москва в Instagram : ""@stashmua""",trending_or_other,partial,some_fields_missing,78613,,watch,no,2026-03-16T14:16:48.891Z
1.0,DIAu3tQIlAd,post,https://www.instagram.com/p/DIAu3tQIlAd/,p,Instagram,"Перешлите близким, которые страдают от аллергии. 🙏🏻 @dobronos_russia риилз делал Бро @kopaev_andrey хотите такой эффект к нему пожалуйста. #аллергияуребёнка #аллергия #allergy #allergic #polen #пыльца #пыльцаберезы"".",173000,3282,,"Denis Shaidullin в Instagram : ""Перешлите близким, которые страдают от аллергии. 🙏🏻 @dobronos_russia риилз делал Бро @kopaev_andrey хотите такой эффект к нему пожалуйста. #аллергияуребёнка #аллергия #allergy #allergic #polen #пыльца #пыльцаберезы""",trending_or_other,partial,some_fields_missing,180220,,watch,yes,2026-03-16T14:16:49.144Z
1.0,DF7zK7XMgHJ,post,https://www.instagram.com/p/DF7zK7XMgHJ/,p,Instagram,"Спасибо за подписку! 📚 Здесь не только подборки книг, но и мои мысли, истории и моменты из жизни. Оставайтесь, будет интересно! ❤️"".",54000,276,,"Я Таня, у меня тут книжно в Instagram : ""Спасибо за подписку! 📚 Здесь не только подборки книг, но и мои мысли, истории и моменты из жизни. Оставайтесь, будет интересно! ❤️""",trending_or_other,partial,some_fields_missing,54607,,watch,no,2026-03-16T14:16:49.894Z
1.0,DHyN5bzzrig,post,https://www.instagram.com/p/DHyN5bzzrig/,p,Instagram,"Год назад я выложила видео, которое залетело на 3 🍋 Там была шутка по типу «когда пожила месяц за его счёт и поняла, что больше не хочешь работать нигде и никогда» Это реально была шутка. Но я была поражена тем, как это завирусилось в соцсетях. Я осознала усталость женщин. Я сама тогда была выгоревшей, с депрессией. У меня были мысли завершить карьеру. А зачем себя мучить, если рядом есть любящий человек, который закрывает все твои потребности? С одной стороны круто, а с другой: мы знаем как заканчиваются такие истории. Типичный сценарий. Но дело даже не в этом: Если устала — нужно менять подход к работе, а не бросать реализацию. Этим я занимаюсь сейчас. Поняла, что сильно люблю своё дело и финансовую независимость, чтоб отказываться от этого пути. Помогла себе вернуться в своё русло и помогаю другим женщинам вернуть контакт с собой. Подпишись @fly_yulya ♥️"".",13000,130,,"Юлия Енько | психолог, Краснодар в Instagram : ""Год назад я выложила видео, которое залетело на 3 🍋 

Там была шутка по типу «когда пожила месяц за его счёт и поняла, что больше не хочешь работать нигде и никогда»

Это реально была шутка. Но я была поражена тем, как это завирусилось в соцсетях. 

Я осознала усталость женщин. Я сама тогда была выгоревшей, с депрессией. У меня были мысли завершить карьеру. А зачем себя мучить, если рядом есть любящий человек, который закрывает все твои потребности?

С одной стороны круто, а с другой: мы знаем как заканчиваются такие истории. Типичный сценарий. Но дело даже не в этом:

Если устала — нужно менять подход к работе, а не бросать реализацию. Этим я занимаюсь сейчас. Поняла, что сильно люблю своё дело и финансовую независимость, чтоб отказываться от этого пути.

Помогла себе вернуться в своё русло и помогаю другим женщинам вернуть контакт с собой. Подпишись @fly_yulya ♥️""",trending_or_other,partial,some_fields_missing,13286,,watch,no,2026-03-16T14:16:50.438Z
1.0,DHOumC3A1hs,post,https://www.instagram.com/p/DHOumC3A1hs/,p,Instagram,"Как понять русских? @varvarazuper : 1) Книга «Культурные коды экономики». Александр Аузан 2) Книга «Народное музыкальное творчество». Под редакцией Пашиной 3) Проект «Здесь был фольклор» (подкасты) 4) Группа VK “Русский традиционный костюм» @kila.sport - здесь про русскую игру в мяч - Кила. И про грани русской культуры ❤️‍🔥"".",6640,58,,"Кила | Федерация килы России в Instagram : ""Как понять русских?

@varvarazuper :
1) Книга «Культурные коды экономики». Александр Аузан 
2) Книга «Народное музыкальное творчество». Под редакцией Пашиной 
3) Проект «Здесь был фольклор» (подкасты) 
4) Группа VK “Русский традиционный костюм» 

@kila.sport - здесь про русскую игру в мяч - Кила. И про грани русской культуры ❤️‍🔥""",trending_or_other,partial,some_fields_missing,6768,,watch,no,2026-03-16T14:16:50.598Z
1.0,DGvwrf0t44e,post,https://www.instagram.com/p/DGvwrf0t44e/,p,Instagram,"Мое комбо⬇️ Сыворотка 142052091 Крем spf 253398723 #сывороткадлялица #базаподмакияж"".",40000,215,,"Девочки тут 💅про уход за собой в Instagram : ""Мое комбо⬇️
Сыворотка 142052091
Крем spf 253398723
#сывороткадлялица #базаподмакияж""",trending_or_other,partial,some_fields_missing,40473,,watch,no,2026-03-16T14:16:51.454Z
1.0,DFlE0sJiWYo,post,https://www.instagram.com/p/DFlE0sJiWYo/,p,Instagram,"лучшие альтернативны для любителей минимализма! все прямые ссылки в моем тг (🔗 в шапке профиля) #стилистрим #стилистевропа #стилистнизкийрост #байериталия #байеррим #стилистевропаонлайн"".",2008,5,,"Polina • стилист онлайн Рим Италия🇮🇹•байер•шоппинг сопровождение в Instagram : ""лучшие альтернативны для любителей минимализма!
все прямые ссылки в моем тг (🔗 в шапке профиля)

#стилистрим #стилистевропа #стилистнизкийрост #байериталия #байеррим #стилистевропаонлайн""",trending_or_other,partial,some_fields_missing,2019,,watch,no,2026-03-16T14:16:52.428Z
1.0,DGyTEoDt4Tb,post,https://www.instagram.com/p/DGyTEoDt4Tb/,p,Instagram,"артикулы в сторис и закрепленных mango🤎 #mango"".",14000,253,,"Kristina Levytska в Instagram : ""артикулы в сторис и закрепленных mango🤎

#mango""",trending_or_other,partial,some_fields_missing,14557,,watch,no,2026-03-16T14:16:51.914Z
1.0,DHFi1sXPQFd,post,https://www.instagram.com/p/DHFi1sXPQFd/,p,Instagram,"Один образ - 4 🔥крутых находки: носи всё вместе или как душе твоей угодно. #zara #newcollection #jacket #top #spring #summer #tshirts #jeans #bangkok #thailand #ootd #fashion #fashionstyle #fashionblogger #zaraoutfit #shopping #shoppingonline #onlineshopping #stylish #stylist #style #styleblogger #lookoftheday #shoes #clothes"".",3730,132,,"Julia Chepugacheva в Instagram : ""Один образ - 4 🔥крутых находки: носи всё вместе или как душе твоей угодно.

#zara #newcollection #jacket #top  #spring #summer #tshirts #jeans #bangkok #thailand #ootd #fashion #fashionstyle #fashionblogger #zaraoutfit #shopping #shoppingonline #onlineshopping #stylish #stylist #style #styleblogger #lookoftheday #shoes #clothes""",trending_or_other,partial,some_fields_missing,4020,,watch,no,2026-03-16T14:16:53.332Z
1.0,DHAhcmzBuGt,post,https://www.instagram.com/p/DHAhcmzBuGt/,p,Instagram,"Twerking on squat position 😊 try it at home! Yes, it’s flexibility and strength! #twerk #twerkfit #strength #flexibility #legs"".",2000000,21000,,"Quinn Wang в Instagram : ""Twerking on squat position 😊 try it at home! 
Yes, it’s flexibility and strength!

#twerk #twerkfit #strength #flexibility #legs""",trending_or_other,partial,some_fields_missing,2046200,,watch,yes,2026-03-16T14:16:55.936Z
1.0,DGJE36pMa4W,post,https://www.instagram.com/p/DGJE36pMa4W/,p,Instagram,"Подпишитесь на наш Telegram-канал, ссылку найдете в шапке профиля."".",138000,427,,"Литература | Стихи | Поэзия в Instagram : ""Подпишитесь на наш Telegram-канал, ссылку найдете в шапке профиля.""",trending_or_other,partial,some_fields_missing,138939,,watch,yes,2026-03-16T14:16:54.187Z
1.0,DF-10Oqut6e,post,https://www.instagram.com/p/DF-10Oqut6e/,p,Instagram,"В психологии есть понятие «стадии монады», за которую юные люди должны сформулировать понимание своих потребностей, границ, ресурсов, способности реализовать ответственность за свою жизнь/здоровье/состояние, управляя своим временем, силами и финансами в самостоятельном режиме жизни. Во многих культурах эта стадия нередко минуется как минимум по социально-экономическим причинами (молодые люди не могут позволить себе комфортной жизни самостоятельным обеспечением, а студенческие общежития не всегда приятны). Как практикующий психолог я сама сейчас нередко наблюдаю, как люди как будто возвращаются к этому пропущенному этапу после первых относительно серьезных и длительных (3-5+ лет) отношений и/или в острые периоды возрастных кризисов, ощущая потребность укрепить контакт с самим собой (через знакомство в уединении) вне контекста их процессов в близости с другим. Мы с мужем начали отношения в мои 18, он старше меня на 3,5 года и он успел пожить самостоятельно в неродном городе вдали от семьи, переехав в Петербург из-за поступления в здешний вуз. Мы как личности буквально выросли вместе, многое испытали (приятное и нет, связанно напрямую с нашими отношения и нет) впервые тоже вместе, я очень многому у него научилась, но когда наши отношения стали крепкими и надежными, а поводы для моих тревожно-зависимых проявлений в виде каких-либо трудностей в нашей коммуникации и близости свелись к минимуму, насладившись и напитавшись этим, с каждым годом последние несколько лет в условиях пост-ковидного мира, в рамках кот-го мы оба тоже начали работать из дома и порой с неудовольствием подстраиваться под специфику работы друг друга, после депрес*ивного эпизода и мощного личностного кризиса я начала ощущать нехватку некоего более близкого знакомства с самой собой, и период нынешнего формата мне его дает с лихвой 🥹 А еще: кто я такая, чтобы запрещать ему хобби, от которого у него горят глаза? 🏍️ Мне нравится, что у него есть такая «холостяцкая» берлога, хотя он глубоко и счастливо женат. Не планируем так жить всегда, исследуем на +-полгодика, оставаясь всегда на связи (болтая во все перерывы) пока реализуя «автономность в близости» ✅🤓"".",21000,247,,"Фая. Здоровье вашей любви ❤️‍🔥 в Instagram : ""В психологии есть понятие «стадии монады», за  которую юные люди должны сформулировать понимание своих потребностей, границ, ресурсов, способности реализовать ответственность за свою жизнь/здоровье/состояние, управляя своим временем, силами и финансами в самостоятельном режиме жизни.

Во многих культурах эта стадия нередко минуется как минимум по социально-экономическим причинами (молодые люди не могут позволить себе комфортной жизни самостоятельным обеспечением, а студенческие общежития не всегда приятны). 

Как практикующий психолог я сама сейчас нередко наблюдаю, как люди как будто возвращаются к этому пропущенному этапу после первых относительно серьезных и длительных (3-5+ лет) отношений и/или в острые периоды возрастных кризисов, ощущая потребность укрепить контакт с самим собой (через знакомство в уединении) вне контекста их процессов в близости с другим. 

Мы с мужем начали отношения в мои 18, он старше меня на 3,5 года и он успел пожить самостоятельно в неродном городе вдали от семьи, переехав в Петербург из-за поступления в здешний вуз.
Мы как личности буквально выросли вместе, многое испытали (приятное и нет, связанно напрямую с нашими отношения и нет) впервые тоже вместе, я очень многому у него научилась, но когда наши отношения стали крепкими и надежными, а поводы для моих тревожно-зависимых проявлений в виде каких-либо трудностей в нашей коммуникации и близости свелись к минимуму, насладившись и напитавшись этим, с каждым годом последние несколько лет в условиях пост-ковидного мира, в рамках кот-го мы оба тоже начали работать из дома и порой с неудовольствием подстраиваться под специфику работы друг друга, после депрес*ивного эпизода и  мощного личностного кризиса я начала ощущать нехватку некоего более близкого знакомства с самой собой, и период нынешнего формата мне его дает с лихвой 🥹

А еще: кто я такая, чтобы запрещать ему хобби, от которого у него горят глаза? 🏍️ Мне нравится, что у него есть такая «холостяцкая» берлога, хотя он глубоко и счастливо женат. Не планируем так жить всегда, исследуем на +-полгодика, оставаясь всегда на связи (болтая во все перерывы) пока реализуя «автономность в близости» ✅🤓""",trending_or_other,partial,some_fields_missing,21543,,watch,no,2026-03-16T14:16:55.112Z
1.0,DDwDw3DIOtf,post,https://www.instagram.com/p/DDwDw3DIOtf/,p,Instagram,"Декабрь месяц корпоративов, встреч с друзьями! Хочется всегда выглядеть отлично! Такой небольшой комплекс поможет привести лицо в порядок быстро👌🏻#массажлица"".",98000,780,,"Алёна Меденко | Красота • Косметология в Instagram : ""Декабрь месяц корпоративов, встреч с друзьями! Хочется всегда выглядеть отлично! Такой небольшой комплекс поможет привести лицо в порядок быстро👌🏻#массажлица""",trending_or_other,partial,some_fields_missing,99716,,watch,yes,2026-03-16T14:16:55.988Z
1.0,DExT51xtbdF,post,https://www.instagram.com/p/DExT51xtbdF/,p,Instagram,"Здоровые зубы балдеют с этой прикормки 🤪 Продукты из видео: - Зубная щетка Curaprox 5460 - Монопучковая щетка Curaprox 1006 - Скребок для языка Emra - Паста Curaprox Be you (большой выбор вкусов) - Зубная нить Splat объемная вощеная - Ершики TePe - Ирригатор Revyline RL 410 - Пенка Emra Все продукты можно приобрести на сайте Doctorslon.ru Используйте мой промокод: mkrvaa и получайте скидку 5%"".",110000,778,,"Анастасия Макарова | стоматолог-пародонтолог Москва в Instagram : ""Здоровые зубы балдеют с этой прикормки 🤪

Продукты из видео: 
- Зубная щетка Curaprox 5460 
- Монопучковая щетка Curaprox 1006
- Скребок для языка Emra 
- Паста Curaprox Be you (большой выбор вкусов) 
- Зубная нить Splat объемная вощеная 
- Ершики TePe
- Ирригатор Revyline RL 410
- Пенка Emra 

Все продукты можно приобрести на сайте Doctorslon.ru Используйте мой промокод: mkrvaa и получайте скидку 5%""",trending_or_other,partial,some_fields_missing,111712,,watch,yes,2026-03-16T14:16:56.720Z
1.0,DERkp_QSRlL,post,https://www.instagram.com/p/DERkp_QSRlL/,p,Instagram,"Saw it and had to try it!! 😂 Challenge successfully accomplished! 😎✅ Could you do it..? 😅 📲 Tag your partner in the comments 👀 #hyroxathlete #hyrox #hybridathlete #fitnesschallenge"".",2000000,8238,,"Sally Morgan | Strength Training | Hyrox в Instagram : ""Saw it and had to try it!! 😂

Challenge successfully accomplished! 😎✅

Could you do it..? 😅

📲 Tag your partner in the comments 👀

#hyroxathlete #hyrox #hybridathlete #fitnesschallenge""",trending_or_other,partial,some_fields_missing,2018124,,watch,yes,2026-03-16T14:16:57.745Z
1.0,DFMFKjRzB09,post,https://www.instagram.com/p/DFMFKjRzB09/,p,Instagram,"Смогли бы не покупать игрушки год? Очень интересны ваши ответы😅 #студентка #маркетинг #виза #мельбурн #австралия #переезд #семья #материнство #студенческаявиза #учебававстралии"".",52000,1210,,"Даша | Студентка | Австралия в Instagram : ""Смогли бы не покупать игрушки год? Очень интересны ваши ответы😅

#студентка #маркетинг #виза #мельбурн #австралия #переезд #семья #материнство #студенческаявиза #учебававстралии""",trending_or_other,partial,some_fields_missing,54662,,watch,no,2026-03-16T14:16:57.537Z
1.0,DDElyRqtxko,post,https://www.instagram.com/p/DDElyRqtxko/,p,Instagram,"📍Barbacoas Santa Ana"".",3500,98,,"Даша Хвичия, Аликанте-Харьков в Instagram : ""📍Barbacoas Santa Ana""",trending_or_other,partial,some_fields_missing,3716,,watch,no,2026-03-16T14:16:58.613Z
1.0,DEA_DTwNj9D,post,https://www.instagram.com/p/DEA_DTwNj9D/,p,Instagram,"Уверен, это уже где-то используется, но сейчас перед вами — результат моего ночного эксперимента. Без напряга +140 человек в блог! На старых рилсах 😅 и вам не надоел! ✅ Разбор нюансов будет в тг канале, пиши «Гениально», скину ссылку"".",30000,8006,,"Егор | Креатив, инфобизнес и блогинг в Instagram : ""Уверен, это уже где-то используется, но сейчас перед вами — результат моего ночного эксперимента. Без напряга +140 человек в блог! На старых рилсах 😅 и вам не надоел! 

✅ Разбор нюансов будет в тг канале, пиши «Гениально», скину ссылку""",trending_or_other,partial,some_fields_missing,47613,,watch,no,2026-03-16T14:16:59.074Z
1.0,DD1IWh0imWt,post,https://www.instagram.com/p/DD1IWh0imWt/,p,Instagram,"Собрала приложения, которые реально выручали меня в этом году — от привычек до гардероба 🧡. Надеюсь, вам тоже пригодятся! А какими приложениями вы пользуетесь каждый день?"".",15000,239,,"Айсана Ашим в Instagram : ""Собрала приложения, которые реально выручали меня в этом году — от привычек до гардероба 🧡. Надеюсь, вам тоже пригодятся! А какими приложениями вы пользуетесь каждый день?""",trending_or_other,partial,some_fields_missing,15526,,watch,no,2026-03-16T14:16:59.520Z
1.0,DEU0u33IUAN,post,https://www.instagram.com/p/DEU0u33IUAN/,p,Instagram,"1. Если бы 2025 стал моим последним годом, чем бы я точно занялся / что бы попробовал? Этот вопрос поможет понять, что для тебя действительно важно. Рекомендую начать работать в этом направлении) 2. Какая цель меня пугает, но я знаю, что она изменит мою жизнь? Обычно наш мозг саботирует то, что его пугает. Как итог — дело не доходит до действий. Поэтому выписываем самую амбициозную цель и начинаем работать над ее реализацией в 2025 году) 3. Какие 3 привычки сделают меня сильнее и лучше уже через месяц? Не пытайся поменять всё сразу. Найди 3 простые привычки, которые выведут тебя на новый уровень. 4. От чего я готов отказаться в 2025 году, чтобы получить то, о чём мечтаю? Ну, ребят, пора признать, что любые изменения требуют жертв. Поэтому вычёркиваем из своей жизни всё лишнее и фокусируемся на ключевом) 5. Какие 3 человека будут моей опорой в тяжелое время? Это могут быть друзья, коллеги или родственники. Напиши тех людей, которым ты действительно доверяешь. 6. Что будет самым большим провалом для меня в 2025, если я ничего не изменю? Представь, что ты продолжишь жить по инерции. Что произойдёт с твоей жизнью? Это даст тебе мотивацию к действиям. 7. Что я хочу чувствовать, открывая глаза каждое утро в 2025? Подумай о том, как ты можешь создать себе утреннюю рутину, которая вдохновляет и заряжает на день. 8. На что я больше не хочу тратить свою энергию в 2025? Может быть, это бесполезные споры, токсичные люди или залипания в телефоне. Избавься от этого в 2025. 9. Какая одна сфера жизни требует от меня максимального внимания? Здоровье, работа, семья или личностный рост — что сейчас самое важное? Сконцентрируйся на этом. 10. Как я хочу чувствовать себя 31 декабря 2025 года? Представь себя в будущем: какие эмоции ты хочешь проживать, подводя итоги года? Теперь подумай, что для этого нужно сделать. Если этот пост был тебе полезен, то я буду рад твоей подписке на мой аккаунт. Сейчас я развиваю свой блог и хочу собрать комьюнити сильных людей, которые идут к своим целям @nick.strinkevich ⚡️ ⠀ #саморазвитие #дисциплина #мышление #мотивация #блог #бизнес"".",48000,282,,"Никита Стринкевич в Instagram : ""1. Если бы 2025 стал моим последним годом, чем бы я точно занялся / что бы попробовал?

Этот вопрос поможет понять, что для тебя действительно важно. Рекомендую начать работать в этом направлении) 

2. Какая цель меня пугает, но я знаю, что она изменит мою жизнь?

Обычно наш мозг саботирует то, что его пугает. Как итог — дело не доходит до действий. Поэтому выписываем самую амбициозную цель и начинаем работать над ее реализацией в 2025 году)

3. Какие 3 привычки сделают меня сильнее и лучше уже через месяц?

Не пытайся поменять всё сразу. Найди 3 простые привычки, которые выведут тебя на новый уровень.

4. От чего я готов отказаться в 2025 году, чтобы получить то, о чём мечтаю?

Ну, ребят, пора признать, что любые изменения требуют жертв. Поэтому вычёркиваем из своей жизни всё лишнее и фокусируемся на ключевом)

5. Какие 3 человека будут моей опорой в тяжелое время?

Это могут быть друзья, коллеги или родственники. Напиши тех людей, которым ты действительно доверяешь.

6. Что будет самым большим провалом для меня в 2025, если я ничего не изменю?

Представь, что ты продолжишь жить по инерции. Что произойдёт с твоей жизнью? Это даст тебе мотивацию к действиям.

7. Что я хочу чувствовать, открывая глаза каждое утро в 2025?

Подумай о том, как ты можешь создать себе утреннюю рутину, которая вдохновляет и заряжает на день.

8. На что я больше не хочу тратить свою энергию в 2025?

Может быть, это бесполезные споры, токсичные люди или залипания в телефоне. Избавься от этого в 2025. 

9. Какая одна сфера жизни требует от меня максимального внимания?

Здоровье, работа, семья или личностный рост — что сейчас самое важное? Сконцентрируйся на этом.

10. Как я хочу чувствовать себя 31 декабря 2025 года?

Представь себя в будущем: какие эмоции ты хочешь проживать, подводя итоги года? Теперь подумай, что для этого нужно сделать.

Если этот пост был тебе полезен, то я буду рад твоей подписке на мой аккаунт. Сейчас я развиваю свой блог и хочу собрать комьюнити сильных людей, которые идут к своим целям @nick.strinkevich ⚡️
⠀
#саморазвитие #дисциплина #мышление #мотивация #блог #бизнес""",trending_or_other,partial,some_fields_missing,48620,,watch,no,2026-03-16T14:17:00.647Z
1.0,C8MGJHBiyY3,post,https://www.instagram.com/p/C8MGJHBiyY3/,p,Instagram,"Чтобы получить доступ к боту с 3-дневными материалами, пиши комментарий или в директ слово ДОСТУП Подробнее о программе обучения смотри хайлайт «КУРС»"".",80,281,,"Marie • Paris • marketing • ads • growth в Instagram : ""Чтобы получить доступ к боту с 3-дневными материалами, пиши комментарий или в директ слово ДОСТУП

Подробнее о программе обучения смотри хайлайт «КУРС»""",trending_or_other,partial,some_fields_missing,698,,watch,no,2026-03-16T14:17:00.596Z
1.0,DB4EM3qompo,post,https://www.instagram.com/p/DB4EM3qompo/,p,Instagram,"5 date night spots in Barcelona you must visit - part 2 🤍 @margarit.bcn @barbocata_ @boscodelobos_grupotragaluz @bandinisbarcelona @bronzobcn #barcelonafoodguide #restaurants #datenights #bcnfood #barcelonarestaurants #barcelonaguide #barcelonatips"".",3692,16,,"Bri в Instagram : ""5 date night spots in Barcelona you must visit - part 2 🤍

@margarit.bcn 
@barbocata_ 
@boscodelobos_grupotragaluz 
@bandinisbarcelona 
@bronzobcn 

#barcelonafoodguide #restaurants #datenights #bcnfood #barcelonarestaurants #barcelonaguide #barcelonatips""",trending_or_other,partial,some_fields_missing,3727,,watch,no,2026-03-16T14:17:01.111Z
1.0,DB11N85orcf,post,https://www.instagram.com/p/DB11N85orcf/,p,Instagram,"Add this to your Barcelona day trip list 👜 If you like to score some vintage jackets then this market is where you want to be! It’s only 30 mins away by train from Barcelona. You’ll find here a mix of clothes, furniture, workshops & restaurants to visit 💫 Some recommendations: @restaurant.greta @cinc___ @casa_nidro 📍Mercantic (@mercanticsantcugat) #mercantic #santcugatdelvalles #santcugat #vintagemarket #vintagefinds #planesbarcelona #explorebarcelona"".",12000,40,,"Bri в Instagram : ""Add this to your Barcelona day trip list 👜

If you like to score some vintage jackets then this market is where you want to be! It’s only 30 mins away by train from Barcelona. You’ll find here a mix of clothes, furniture, workshops & restaurants to visit 💫

Some recommendations:
@restaurant.greta 
@cinc___ 
@casa_nidro 

📍Mercantic (@mercanticsantcugat)

#mercantic #santcugatdelvalles #santcugat #vintagemarket #vintagefinds #planesbarcelona #explorebarcelona""",trending_or_other,partial,some_fields_missing,12088,,watch,no,2026-03-16T14:17:02.206Z
1.0,C-jMjUcSAu-,post,https://www.instagram.com/p/C-jMjUcSAu-/,p,Instagram,"A heartbreak I wasn’t prepared for 💔 my last baby is about to be 1 & this leaves me with the realization that all things “baby” are no longer…forever. Even though I know our family is complete, my heart is not. I truly feel like a Mothers heart will always yearn for more. Or maybe it’s the precious time we wish we had back? What I would give to fit his little body back into what was our favorite carrier together 🥹 This is Motherhood. #motherhood #raisinglittles #lastbaby #thirdbaby #boymom #motherhoodrising #mommyandme"".",509000,6641,,"Nicky Schmaderer в Instagram : ""A heartbreak I wasn’t prepared for 💔 my last baby is about to be 1 & this leaves me with the realization that all things “baby” are no longer…forever. Even though I know our family is complete, my heart is not. I truly feel like a Mothers heart will always yearn for more. Or maybe it’s the precious time we wish we had back? What I would give to fit his little body back into what was our favorite carrier together 🥹 This is Motherhood.

#motherhood #raisinglittles #lastbaby #thirdbaby #boymom #motherhoodrising #mommyandme""",trending_or_other,partial,some_fields_missing,523610,,watch,yes,2026-03-16T14:17:02.750Z
1.0,DBI8LwrRtnn,post,https://www.instagram.com/p/DBI8LwrRtnn/,p,Instagram,"I’m literally crying 😭 #jellyfishlamp #jellyfish #jellyfishaesthetic #bedroomleds #aesthetic #ledlight #ledlamp #giftsforher #giftsforhim #cutegiftideas"".",3000000,3695,,"@shophiddenvault в Instagram : ""I’m literally crying 😭 #jellyfishlamp #jellyfish #jellyfishaesthetic #bedroomleds #aesthetic #ledlight #ledlamp #giftsforher #giftsforhim #cutegiftideas""",trending_or_other,partial,some_fields_missing,3008129,,watch,yes,2026-03-16T14:17:03.074Z
1.0,C-5jhadIFBY,post,https://www.instagram.com/p/C-5jhadIFBY/,p,Instagram,"Читай👇🏻 Алгоритмы инсты работают таким образом, что любые ваши действия в аккаунте анализируются, чтобы понять чем вы интересуетесь. Поэтому прежде чем публиковать рилс или посты-карусели под музыку необходимо «сбить» все старые запросы. Так инста «обнулится» и будет показывать ваш контент тем, кто интересуется вашей темой. Если ты все это сделал, а рилс все равно не откручивается на широкую аудиторию, переходи в актуальные «шаблон» в моем аккаунте @anya_text_ чтобы вывести свои ролики на новый уровень."".",148000,722,,"Аня Текст|КОПИРАЙТЕР-сценарист роликов | знает маркетинг | ЕКБ в Instagram : ""Читай👇🏻

Алгоритмы инсты работают таким образом, что любые ваши действия в аккаунте анализируются, чтобы понять чем вы интересуетесь. Поэтому прежде чем публиковать рилс или посты-карусели под музыку необходимо «сбить» все старые запросы. Так инста «обнулится» и будет показывать ваш контент тем, кто интересуется вашей темой.

Если ты все это сделал, а рилс все равно не откручивается на широкую аудиторию, переходи в актуальные «шаблон» в моем аккаунте @anya_text_ чтобы вывести свои ролики на новый уровень.""",trending_or_other,partial,some_fields_missing,149588,,watch,yes,2026-03-16T14:17:03.961Z
1.0,DA5_4Boo0Ww,post,https://www.instagram.com/p/DA5_4Boo0Ww/,p,Instagram,"У нас рюкзак deuter kid comfort 3 и это реально лучшее приобретение для походов с ребенком! До 1,5 лет у нас был обычный хипсит, но когда вес ребёнка перевалил за 10кг - стало физически сложно таскать ребёнка + сзади рюкзак (потому что сменные вещи, воду, перекус с собой в поход в любом случае надо брать). Мы начали искать альтернативу хипситу и я вспомнила, что видела у знакомых ребят такой походный рюкзак. Начались поиски где купить, какие бывают фирмы/модели, в чем отличие, к делу подошли основательно, как вы поняли :) Пересмотрели очень много обзоров и остановили свой выбор на фирме deuter. Мы выбрали модель kid comfort 3, главными критериями для нас было: * Есть подножка, можно снять со спины рюкзак и поставить на землю вместе с ребёнком. * Есть складной солнцезащитный козырек. Мы ходили в поход в разгар лета и ребёнку было комфортно, солнце не светило в глаза. * Очень много всяких кармашков, помещается всё необходимое. * Мягкая подушка, на которую ребёнок может положить голову, чтобы отдохнуть или поспать. * Регулируется все ремешки, можно подогнать под Максимальный комфорт и для взрослого и для ребёнка 🔥 «А чё дома сидеть?» - девиз нашей семьи и после рождения ребёнка, ничего не изменилось 😉 P.S.: мы свой рюкзак купили с рук, но в супер идеальном состоянии (есть ощущение, что он ни разу не выходил из дома 😄). Так, что совет тем, кто хочет сэкономить, поищите на площадках типо Авито) Заходите ко мне в профиль, тут про жизнь без прикрас с двухлеткой и двумя собаками 😉❤️"".",810,26,,"Ника • жизнь у моря • путешествия с ребёнком и двумя собаками • в Instagram : ""У нас рюкзак deuter kid comfort 3 и это реально лучшее приобретение для походов с ребенком!

До 1,5 лет у нас был обычный хипсит, но когда вес ребёнка перевалил за 10кг - стало физически сложно таскать ребёнка + сзади рюкзак (потому что сменные вещи, воду, перекус с собой в поход в любом случае надо брать).

Мы начали искать альтернативу хипситу и я вспомнила, что видела у знакомых ребят такой походный рюкзак. Начались поиски где купить, какие бывают фирмы/модели, в чем отличие, к делу подошли основательно, как вы поняли :)
Пересмотрели очень много обзоров и остановили свой выбор на фирме deuter.

Мы выбрали модель kid comfort 3, главными критериями для нас было:
* Есть подножка, можно снять со спины рюкзак и поставить на землю вместе с ребёнком. 
* Есть складной солнцезащитный козырек. Мы ходили в поход в разгар лета и ребёнку было комфортно, солнце не светило в глаза.
* Очень много всяких кармашков, помещается всё необходимое. 
* Мягкая подушка, на которую ребёнок может положить голову, чтобы отдохнуть или поспать.
* Регулируется все ремешки, можно подогнать под Максимальный комфорт и для взрослого и для ребёнка 🔥

«А чё дома сидеть?» - девиз нашей семьи и после рождения ребёнка, ничего не изменилось 😉

P.S.: мы свой рюкзак купили с рук, но в супер идеальном состоянии (есть ощущение, что он ни разу не выходил из дома 😄). Так, что совет тем, кто хочет сэкономить, поищите на площадках типо Авито) 

Заходите ко мне в профиль, тут про жизнь без прикрас с двухлеткой и двумя собаками 😉❤️""",trending_or_other,partial,some_fields_missing,867,,watch,no,2026-03-16T14:17:04.283Z
1.0,C_AZhTFMqcG,post,https://www.instagram.com/p/C_AZhTFMqcG/,p,Instagram,"Утренний противоотёчный комплекс для лица 😎 #отеки #утро #самрмассаж #массажтомск #массажлицатомск #facemassage #reels #массажлица #безотеков #pov #mood #fy"".",100000,937,,"Наталья Сушкевич | Face & body expert в Instagram : ""Утренний противоотёчный комплекс для лица 😎

#отеки #утро #самрмассаж #массажтомск #массажлицатомск #facemassage #reels #массажлица #безотеков #pov #mood #fy""",trending_or_other,partial,some_fields_missing,102061,,watch,yes,2026-03-16T14:17:04.492Z
1.0,C92cEOMtpD0,post,https://www.instagram.com/p/C92cEOMtpD0/,p,Instagram,"Большой органайзер для холодильника с крышкой. Набор- 2 шт Артикул: 1302104910 Органайзер для холодильника поменьше. Набор- 3 шт Артикул: 1302106545 Подойдут как для заморозки (пельменей, котлет и ид), так и для хранения блинчиков или любой другой готовой еды. Ссылки на эти и другие ТОПовые органайзеры сохранила в хайлайтс ОРГАНАЙЗЕРЫ 👍🏻 А правила порядка- в хайлайтс ПОРЯДОК 👌🏻 Заглядывай)"".",11000,72,,"Ольга Кромочкина | семья, дом, быт, уют в Instagram : ""Большой органайзер для холодильника с крышкой. Набор- 2 шт
Артикул: 1302104910

Органайзер для холодильника поменьше. Набор- 3 шт
Артикул: 1302106545

Подойдут как для заморозки (пельменей, котлет и ид), так и для хранения блинчиков или любой другой готовой еды.

Ссылки на эти и другие ТОПовые органайзеры сохранила в хайлайтс ОРГАНАЙЗЕРЫ 👍🏻

А правила порядка- в хайлайтс ПОРЯДОК 👌🏻

Заглядывай)""",trending_or_other,partial,some_fields_missing,11158,,watch,no,2026-03-16T14:17:05.917Z
1.0,DAGsunBthA2,post,https://www.instagram.com/p/DAGsunBthA2/,p,Instagram,"А какую книгу вы советуете каждый раз? Сохрани, чтобы не потерять🫂"".",28000,442,,"Леруся | амбассадор книжного контента в Instagram : ""А какую книгу вы советуете каждый раз?
Сохрани, чтобы не потерять🫂""",trending_or_other,partial,some_fields_missing,28972,,watch,no,2026-03-16T14:17:05.937Z
1.0,C_GMTADIXWf,post,https://www.instagram.com/p/C_GMTADIXWf/,p,Instagram,"Пробовали растит что-то из этого? 😌 #огороднаподоконнике #грядканаподоконнике #огородкруглыйгод"".",197000,736,,"Мари | жизнь между семейным бытом и любимой работой 💗 в Instagram : ""Пробовали растит что-то из этого? 😌 #огороднаподоконнике #грядканаподоконнике #огородкруглыйгод""",trending_or_other,partial,some_fields_missing,198619,,watch,yes,2026-03-16T14:17:06.811Z
1.0,C-uAXzmoF6K,post,https://www.instagram.com/p/C-uAXzmoF6K/,p,Instagram,,316000,1808,,Галя Филатòвич в Instagram ,trending_or_other,partial,some_fields_missing,319978,,watch,yes,2026-03-16T14:17:08.065Z
1.0,C-LDzAktlDw,post,https://www.instagram.com/p/C-LDzAktlDw/,p,Instagram,"Этот реализованный проект - отличный пример того, как с помощью организации пространства можно улучшить и без того красивую кухню 🫶🏻 Проект агентства @poligry.home 💫"".",145000,727,,"ОРГАНИЗАТОР ПРОСТРАНСТВА МОСКВА в Instagram : ""Этот реализованный проект - отличный пример того, как с помощью организации пространства можно улучшить и без того красивую кухню 🫶🏻

Проект агентства @poligry.home 💫""",trending_or_other,partial,some_fields_missing,146599,,watch,yes,2026-03-16T14:17:07.230Z
1.0,C9Rv9ToigmX,post,https://www.instagram.com/p/C9Rv9ToigmX/,p,Instagram,"Как написать джингл к подкасту за 5 минут"".",99,5,,"ildar fattakhov в Instagram : ""Как написать джингл к подкасту за 5 минут""",trending_or_other,partial,some_fields_missing,110,,watch,no,2026-03-16T14:17:08.397Z
1.0,C3vOuThijdC,post,https://www.instagram.com/p/C3vOuThijdC/,p,Instagram,"3D extérieur 😳 🌴 Après le projet de la grange on voulait s’inscrire à 3000% dans l’esprit de l’intérieur, de prolonger l’atmosphère « vacances » et se challenger à 3000% ! Merci @cocoongarden31 pour ce projet de ouf (donnez lui de la force à fond !) Maintenant, comme pour l’intérieur, on va tout donner pour se coller au maximum à se 3D, et vous faire partager tout ça à fond. Merci de votre force ! On est bouillant ! #grange #grangereno #renogrange #renovationgrange #reno #renovation #hangar #usine #ferme #travaux #autoreno #paysagiste #teamreno #teamrenovation"".",44000,904,,"Paul Barnier в Instagram : ""3D extérieur 😳 🌴
Après le projet de la grange on voulait s’inscrire à 3000% dans l’esprit de l’intérieur, de prolonger l’atmosphère « vacances » et se challenger à 3000% ! Merci @cocoongarden31 pour ce projet de ouf (donnez lui de la force à fond !) 
Maintenant, comme pour l’intérieur, on va tout donner pour se coller au maximum à se 3D, et vous faire partager tout ça à fond.
Merci de votre force ! On est bouillant ! 
#grange #grangereno #renogrange #renovationgrange #reno #renovation #hangar #usine #ferme #travaux #autoreno #paysagiste #teamreno #teamrenovation""",trending_or_other,partial,some_fields_missing,45989,,watch,no,2026-03-16T14:17:08.717Z
1.0,C9Z2yWWp4Qp,post,https://www.instagram.com/p/C9Z2yWWp4Qp/,p,Instagram,"Este verano disfruta de unas vacaciones inolvidables con vistas panorámicas al mar Mediterráneo desde la comodidad de tu habitación 🌞 Despierta cada mañana con el sonido relajante de las olas y déjate llevar por la brisa marina mientras contemplas la infinita extensión azul ✨ Reserva ahora y haz realidad tus sueños junto al mar. 📸 VELER STANDARD CON VISTAS Reserva tu estancia a través de la web, llamando al 📞 +34 830 83 10 83 o enviando un mail a 📩 hotelmb@salleshotels.com. - This summer enjoy an unforgettable vacation with panoramic views of the Mediterranean Sea from the comfort of your room 🌞. Wake up every morning to the soothing sound of the waves and let yourself be carried away by the sea breeze while contemplating the infinite blue expanse ✨. Book now and make your dreams come true by the sea. 📸 STANDARD SAILBOAT WITH VIEW Book your stay through the web, by calling 📞 +34 830 83 10 83 or sending an email to 📩 hotelmb@salleshotels.com. #MarinaBadalona #HotelMarinaBadalona #Room"".",21,0,,"Marina Badalona в Instagram : ""Este verano disfruta de unas vacaciones inolvidables con vistas panorámicas al mar Mediterráneo desde la comodidad de tu habitación 🌞

Despierta cada mañana con el sonido relajante de las olas y déjate llevar por la brisa marina mientras contemplas la infinita extensión azul ✨ 

Reserva ahora y haz realidad tus sueños junto al mar.

📸 VELER STANDARD CON VISTAS

Reserva tu estancia a través de la web, llamando al 📞 +34 830 83 10 83 o enviando un mail a 📩 hotelmb@salleshotels.com. 

-

This summer enjoy an unforgettable vacation with panoramic views of the Mediterranean Sea from the comfort of your room 🌞.
 
Wake up every morning to the soothing sound of the waves and let yourself be carried away by the sea breeze while contemplating the infinite blue expanse ✨. 
 
Book now and make your dreams come true by the sea.
 
📸 STANDARD SAILBOAT WITH VIEW
 
Book your stay through the web, by calling 📞 +34 830 83 10 83 or sending an email to 📩 hotelmb@salleshotels.com. 

#MarinaBadalona #HotelMarinaBadalona #Room""",trending_or_other,partial,some_fields_missing,21,,watch,no,2026-03-16T14:17:09.390Z
1.0,C9UjRW6oO5H,post,https://www.instagram.com/p/C9UjRW6oO5H/,p,Instagram,"Выездная чайхана, узбекский кейтеринг у вас дома, на юбилее, дне рождении, корпоративах и других мероприятиях. Заказывай и наслаждайся кулинарным шоу! Удиви своих гостей!"".",17,5,,"Plov Uzbeko в Instagram : ""Выездная чайхана, узбекский кейтеринг у вас дома, на юбилее, дне рождении, корпоративах и других мероприятиях. Заказывай и наслаждайся кулинарным шоу! Удиви своих гостей!""",trending_or_other,partial,some_fields_missing,28,,watch,no,2026-03-16T14:17:09.999Z
1.0,C4Xj9uSN2Bc,post,https://www.instagram.com/p/C4Xj9uSN2Bc/,p,Instagram,"Ну что тут еще сказать, кроме того, что если ты еще не испытал подобных эмоций от консультации с Жопкиным-Доктором, то не упускай эту возможность. Бегом по ссылке в шапке профиля записываться очно или онлайн к самому заботливому врачу. Всегда ваш, Жопкин-Доктор 🍑"".",2654,103,,"Булаев Вячеслав • ПРОКТОЛОГ в Instagram : ""Ну что тут еще сказать, кроме того, что если ты еще не испытал подобных эмоций от консультации с Жопкиным-Доктором, то не упускай эту возможность.
Бегом по ссылке в шапке профиля записываться очно или онлайн к самому заботливому врачу.
Всегда ваш, Жопкин-Доктор 🍑""",trending_or_other,partial,some_fields_missing,2881,,watch,no,2026-03-16T14:17:10.147Z
1.0,C7zIKMsNZEZ,post,https://www.instagram.com/p/C7zIKMsNZEZ/,p,Instagram,"Именно классная и качественная посуда вдохновляет меня на готовку 🧑‍🍳"".",10000,79,,"Юля и София 👩‍👧 в Instagram : ""Именно классная и качественная посуда вдохновляет меня на готовку 🧑‍🍳""",trending_or_other,partial,some_fields_missing,10174,,watch,no,2026-03-16T14:17:10.827Z
1.0,C7y0h0YibwX,post,https://www.instagram.com/p/C7y0h0YibwX/,p,Instagram,"Бабушка Оля — бабушка креативного директора нашего бренда Лены 💗 Лена: «Моя бабушка — моя большая любовь! Она очень деятельная, что иногда приходится заставлять её отдыхать. Шитье и вязание для неё как медитация и когда она нервничает или не спит — садится вязать. Пока я была студенткой, бабушка постоянно дарила мне веселенькие шапки и свитера. Было грустно носить их только дома. Теперь я сама придумываю дизайны своей бабуле и даже обучаю её новым фишкам в вязании. Теперь я её начальник и мы коллеги». Бабушка Оля — первая мастерица Мурмуризма и по скорости вязания одна из первых в нашем бренде. Ищите свитер Future Milf от бабушки Оли на нашем сайте 🤍"".",1135,18,,"ОДЕЖДА, БАБУШКИ, ЛЮБОВЬ в Instagram : ""Бабушка Оля — бабушка креативного директора нашего бренда Лены 💗

Лена:
«Моя бабушка — моя большая любовь! 
Она очень деятельная, что иногда приходится заставлять её отдыхать.
Шитье и вязание для неё как медитация и когда она нервничает или не спит — садится вязать.
Пока я была студенткой, бабушка постоянно дарила мне веселенькие шапки и свитера. Было грустно носить их только дома. 
Теперь я сама придумываю дизайны своей бабуле и даже обучаю её новым фишкам в вязании. Теперь я её начальник и мы коллеги».

Бабушка Оля — первая мастерица Мурмуризма и по скорости вязания одна из первых в нашем бренде. 
Ищите свитер Future Milf от бабушки Оли на нашем сайте 🤍""",trending_or_other,partial,some_fields_missing,1175,,watch,no,2026-03-16T14:17:11.962Z
1.0,C7Yyj8misum,post,https://www.instagram.com/p/C7Yyj8misum/,p,Instagram,"Чистые линии, выверенный крой и молочный оттенок делают этот костюм универсальным решением в базовом гардеробе 🍨"".",623,20,,"DE SAISON в Instagram : ""Чистые линии, выверенный крой и молочный оттенок делают этот костюм универсальным решением в базовом гардеробе 🍨""",trending_or_other,partial,some_fields_missing,667,,watch,no,2026-03-16T14:17:11.716Z
1.0,C6bX-ZRCst-,post,https://www.instagram.com/p/C6bX-ZRCst-/,p,Instagram,"использовала (кроме терпения): @avedaartists_russia botanical repair strengthening leave-in treatment @sachajuan root lift (брала в @spadream_ru) @evofabpro_russia mister fantastic для стойкости и упругости завитка philip b. russian amber imperial insta-thick (брала на @lamodaru с промокодом GLOWEBLOW) @marianila.seneca styling spray расческа для корней @framarrussia I need to vent браш @termixstore.ru 28 mm гребень @air_inthehair фен @wau.rus футболка @rosi_moscow сережки не помню :)"".",37000,224,,"Эля в Instagram : ""использовала (кроме терпения): 
@avedaartists_russia botanical repair strengthening leave-in treatment 
@sachajuan root lift (брала в @spadream_ru)
@evofabpro_russia mister fantastic для стойкости и упругости завитка 
philip b. russian amber imperial insta-thick (брала на @lamodaru с промокодом GLOWEBLOW) 
@marianila.seneca styling spray 
расческа для корней @framarrussia I need to vent
браш @termixstore.ru 28 mm 
гребень @air_inthehair 
фен @wau.rus 

футболка @rosi_moscow 
сережки не помню :)""",trending_or_other,partial,some_fields_missing,37493,,watch,no,2026-03-16T14:17:12.323Z
1.0,C32RwkPMjoe,post,https://www.instagram.com/p/C32RwkPMjoe/,p,Instagram,"ПЕРЕЧЕНЬ ДОКУМЕНТОВ👇🏻 Формально список необходимых документов закреплён в приказе Министра обороны РФ от 22.11.2021 №700, однако точного перечня документов, подтверждающих выезд гражданина за пределы РФ и его пребывание там, не определён (прикрепляю выдержку из документа). Именно этот факт создавал трудности при снятии с воинского учёта: каждый военкомат требовал свой перечень, штампуя шаблонные отказы по заявлениям. Сегодня ситуация изменилась: теперь существует единая внутренняя инструкция для военных комиссариатов, которая содержит точный перечень документов, необходимых для снятия с воинского учёта. Инструкция эта официально нигде не опубликована, но я видел её своими глазами, а ещё её наличие подтверждает практика — теперь мы собираем документы по чёткому списку и зачастую нам удаётся снимать наших клиентов с воинского учёта без обжалования, а сразу — по факту подачи заявления. Итак, для снятия с воинского учёта я рекомендую предоставить в военкомат: 1. Справка о консульском учёте — обязательно. Неоднократно говорил и ранее, что это железобетонный документ, подтверждающий ваше пребывание за пределами РФ (похож на временную регистрацию здесь в стране) 2. Документ, подтверждающий вашу занятость за рубежом: рабочий контракт, справка об обучении в зарубежном университете/колледже/школе/на курсах дополнительного образования. 3. Документ, подтверждающий ваше проживание за рубежом: договор аренды жилого помещения / договор купли-продажи недвижимости. ❕Документы должны быть переведены и заверены 4. Заявление о снятии с воинского учёта, образец есть в закрытом канале (там же — помощь юриста в подготовке документов и заполнении заявлений) 5. Копии российского и загранпаспортов (для заграничного — обязательно со страницей, где есть штамп-отметка о выезде из РФ). Для тех, кто хочет делегировать процедуру снятия с учёта нашей команде: напишите в WhatsApp +7 916 707-23-86, по услуге вас проконсультирует моя помощница."".",7681,735,,"Помощь призывникам ⚖ Андрей Породзинский в Instagram : ""ПЕРЕЧЕНЬ ДОКУМЕНТОВ👇🏻

Формально список необходимых документов закреплён в приказе Министра обороны РФ от 22.11.2021 №700, однако точного перечня документов, подтверждающих выезд гражданина за пределы РФ и его пребывание там, не определён (прикрепляю выдержку из документа). Именно этот факт создавал трудности при снятии с воинского учёта: каждый военкомат требовал свой перечень, штампуя шаблонные отказы по заявлениям.

Сегодня ситуация изменилась: теперь существует единая внутренняя инструкция для военных комиссариатов, которая содержит точный перечень документов, необходимых для снятия с воинского учёта. Инструкция эта официально нигде не опубликована, но я видел её своими глазами, а ещё её наличие подтверждает практика — теперь мы собираем документы по чёткому списку и зачастую нам удаётся снимать наших клиентов с воинского учёта без обжалования, а сразу — по факту подачи заявления.

Итак, для снятия с воинского учёта я рекомендую предоставить в военкомат:
1. Справка о консульском учёте — обязательно. Неоднократно говорил и ранее, что это железобетонный документ, подтверждающий ваше пребывание за пределами РФ (похож на временную регистрацию здесь в стране)
2. Документ, подтверждающий вашу занятость за рубежом: рабочий контракт, справка об обучении в зарубежном университете/колледже/школе/на курсах дополнительного образования.
3. Документ, подтверждающий ваше проживание за рубежом: договор аренды жилого помещения / договор купли-продажи недвижимости.
❕Документы должны быть переведены и заверены
4. Заявление о снятии с воинского учёта, образец есть в закрытом канале (там же — помощь юриста в подготовке документов и заполнении заявлений)
5. Копии российского и загранпаспортов (для заграничного — обязательно со страницей, где есть штамп-отметка о выезде из РФ).

Для тех, кто хочет делегировать процедуру снятия с учёта нашей команде: напишите в WhatsApp +7 916 707-23-86, по услуге вас проконсультирует моя помощница.""",trending_or_other,partial,some_fields_missing,9298,,watch,no,2026-03-16T14:17:13.128Z
1.0,C6X3fSCvI6V,post,https://www.instagram.com/p/C6X3fSCvI6V/,p,Instagram,"Поиски самых крутых джинсов завершены. Каким-то невероятным образом мимоходом, я увидела их и примерив, не могла с вами не поделиться. В коллекции эта модель только появилась и ещё можно урвать все любой размер - на сайте они стали в наличии только в этот понедельник. И Бангкок богат на наполненность по ассортименту в каждом бренде, поэтому в оффлайн продаже эти джинсы уже есть. Посадка, цвет денима по выварке, ширина брючин - всё идеально. Без лишних слов - смотрите сами😉 #zara #fashion #fashionstyle #fashionblogger #shopping #shoppingonline #style #stylish #lookoftheday #jeans"".",16000,788,,"Julia Chepugacheva в Instagram : ""Поиски самых крутых джинсов завершены.

Каким-то невероятным образом мимоходом, я увидела их и примерив, не могла с вами не поделиться.

В коллекции эта модель только появилась и ещё можно урвать все любой размер - на сайте они стали в наличии только в этот понедельник. 

И Бангкок богат на наполненность по ассортименту в каждом бренде, поэтому в оффлайн продаже эти джинсы уже есть.

Посадка, цвет денима по выварке, ширина брючин - всё идеально.
Без лишних слов - смотрите сами😉

#zara #fashion #fashionstyle #fashionblogger #shopping #shoppingonline #style #stylish #lookoftheday #jeans""",trending_or_other,partial,some_fields_missing,17734,,watch,no,2026-03-16T14:17:13.158Z
1.0,C6IexM2Ni0H,post,https://www.instagram.com/p/C6IexM2Ni0H/,p,Instagram,"Про главную ошибку новичков я записала видео на своем YouTube - канале, ссылка на мой ютуб в шапке профиля💌 . #пинтерест #пинтерестнарусском #продвижениебизнеса #продвижение #продвижениебренда #продвижениевсоцсетях #блогинг #pinterest"".",7118,814,,"Маша про Пинтерест & многоканальность в Instagram : ""Про главную ошибку новичков я записала видео на своем YouTube - канале, ссылка на мой ютуб в шапке профиля💌 

.

#пинтерест #пинтерестнарусском #продвижениебизнеса #продвижение #продвижениебренда #продвижениевсоцсетях #блогинг #pinterest""",trending_or_other,partial,some_fields_missing,8909,,watch,no,2026-03-16T14:17:13.949Z
1.0,C5l0Lq4s2w6,post,https://www.instagram.com/p/C5l0Lq4s2w6/,p,Instagram,"Я - психолог Елена Яковлева и здесь про психологию . #психологонлайн #консультацияпсихолога #психологмосква"".",43000,81,,"Психолог Елена Яковлева в Instagram : ""Я - психолог Елена Яковлева и здесь  про психологию . 
#психологонлайн
#консультацияпсихолога
#психологмосква""",trending_or_other,partial,some_fields_missing,43178,,watch,no,2026-03-16T14:17:14.501Z
1.0,C3amwn2KhG6,post,https://www.instagram.com/p/C3amwn2KhG6/,p,Instagram,"Trying out new hairstyles"".",2000000,3550,,"Moritz Di Matteo в Instagram : ""Trying out new hairstyles""",trending_or_other,partial,some_fields_missing,2007810,,watch,yes,2026-03-16T14:17:14.674Z
1.0,C46cdVsPvW_,post,https://www.instagram.com/p/C46cdVsPvW_/,p,Instagram,"the best week💘✈️🍾💃✨🚴🥂 @betsyshortsleeve"".",235000,3464,,"Kat Shortsleeve в Instagram : ""the best week💘✈️🍾💃✨🚴🥂 @betsyshortsleeve""",trending_or_other,partial,some_fields_missing,242621,,watch,yes,2026-03-16T14:17:15.471Z
1.0,C5FxvgBoX56,post,https://www.instagram.com/p/C5FxvgBoX56/,p,Instagram,"@sosiskinaa как будто перманент сделала 🫢"".",44000,152,,"alina | санкт-петербург в Instagram : ""@sosiskinaa как будто перманент сделала 🫢""",trending_or_other,partial,some_fields_missing,44334,,watch,no,2026-03-16T14:17:15.911Z
1.0,C3qKSUoN3XL,post,https://www.instagram.com/p/C3qKSUoN3XL/,p,Instagram,"какую захотели прочитать?"".",33000,429,,"Фаризат/скорочтение/книги/алматы в Instagram : ""какую захотели прочитать?""",trending_or_other,partial,some_fields_missing,33944,,watch,no,2026-03-16T14:17:16.210Z
1.0,C4LU6I0oh_q,post,https://www.instagram.com/p/C4LU6I0oh_q/,p,Instagram,"14 вопросов, которые вас сблизят : 1. Что для тебя самое ценное в наших отношениях? 2. В какие моменты ты особенно сильно чувствуешь, что я тебя люблю? 3. Какой наш совместный день принёс тебе много радости? 4. Какие ценности на твой взгляд у нас совпадают, а какие нет? 5. Есть что-то , что тебе хотелось бы сделать вместе со мной, но мы ещё не делали? 6. Чему бы ты хотел(а) у меня научиться? 7. В сложные моменты жизни как тебя можно поддержать? 8. Какая твоя большая мечта? 9. Если бы можно было изменить в наших отношениях что-то одно, чтобы это было? 10. Какими тебе видятся наши отношения через десять лет? 11. Какие простые вещи приносят тебе радость? 12. Твой идеальный отпуск, какой он? 13. Что бы ты хотел(а) слышать от меня чаще? 14. Что ты любишь делать вместо со мной больше всего? Сохраняйте этот список и отправляйте тем, с кем хочется быть ближе! 🙌🏻 Подписывайтесь )) я Мила Бабич, психолог, придумала эти вопросы , потому что много работаю с парами и знаю, что помогает парам стать ближе. Ну и у меня ещё много интересных рилс , не только про отношения 😊"".",8778,103,,"Мила Бабич • ПСИХОЛОГ • Москва • онлайн в Instagram : ""14 вопросов, которые вас сблизят : 

1. Что для тебя самое ценное в наших отношениях?
2. В какие моменты ты особенно сильно чувствуешь, что я тебя люблю? 
3. Какой наш совместный день принёс тебе много радости? 
4. Какие ценности на твой взгляд у нас  совпадают, а какие нет? 
5. Есть что-то , что тебе хотелось бы сделать вместе со мной, но мы ещё не делали? 
6. Чему бы ты хотел(а) у меня научиться? 
7. В сложные моменты жизни как тебя можно поддержать? 
8. Какая твоя большая мечта? 
9. Если бы можно было изменить в наших отношениях что-то одно, чтобы это было? 
10. Какими тебе видятся наши отношения через десять лет?
11. Какие простые вещи приносят тебе радость? 
12. Твой идеальный отпуск, какой он? 
13. Что бы ты хотел(а) слышать от меня чаще? 
14. Что ты любишь делать вместо со мной больше всего? 

Сохраняйте этот список и отправляйте тем, с кем хочется быть ближе! 🙌🏻

Подписывайтесь )) я Мила Бабич, психолог, придумала  эти вопросы , потому что много работаю с парами и знаю, что помогает парам стать ближе. Ну и у меня  ещё много интересных рилс , не только про отношения 😊""",trending_or_other,partial,some_fields_missing,9005,,watch,no,2026-03-16T14:17:16.888Z
1.0,C3dPMN-ILMx,post,https://www.instagram.com/p/C3dPMN-ILMx/,p,Instagram,"Зачем? Пойти в честность с собой и узнать себя еще лучше @katelorina Сохрани, завари чай и удели 15 минут для рефлексии ✨🙏🏻 1. От какой привычки тебе нужно избавиться уже сегодня? 2. На что ты сливаешь свое время? 3. Какая одна мысль чаще всего заставляет тебя чувствовать плохо? 4. Как ты проявляешь любовь к себе? 5. Насколько часто ты не выбираешь себя? 6. Когда в последний раз ты отказалась от своей мечты? Что это было и почему? 7. Чему тебя научила последняя неприятная ситуация? 8. Чего ты хочешь на самом деле? 9. За что ты ругала себя в последний раз? 10. Ты можешь назвать себя своим самым близким другом? Удели себе время, найди ответы на эти вопросы и напиши 1-3 действия, которые ты сделаешь, после рефлексии ❤️✨ Подписывайся @katelorina и ищи в ленте еще пользу для своего состояния ✨"".",33000,72,,"Екатерина Румянцева — психолог Роскошных Женщин в Instagram : ""Зачем? Пойти в честность с собой и узнать себя еще лучше @katelorina 

Сохрани, завари чай и удели 15 минут для рефлексии ✨🙏🏻

1. От какой привычки тебе нужно избавиться уже сегодня? 

2. На что ты сливаешь свое время?

3. Какая одна мысль чаще всего заставляет тебя чувствовать плохо? 

4. Как ты проявляешь любовь к себе? 

5. Насколько часто ты не выбираешь себя?

6. Когда в последний раз ты отказалась от своей мечты? Что это было и почему? 

7. Чему тебя научила последняя неприятная ситуация? 

8. Чего ты хочешь на самом деле?

9. За что ты ругала себя в последний раз?

10. Ты можешь назвать себя своим самым близким другом?

Удели себе время, найди ответы на эти вопросы и напиши 1-3 действия, которые ты сделаешь, после рефлексии ❤️✨

Подписывайся @katelorina и ищи в ленте еще пользу для своего состояния ✨""",trending_or_other,partial,some_fields_missing,33158,,watch,no,2026-03-16T14:17:17.142Z
1.0,C3hED8UIJws,post,https://www.instagram.com/p/C3hED8UIJws/,p,Instagram,"Какой лайфхак понравился больше всего? Поделитесь отзывом, кто уже пользовался моими лайфхаками ранее🥰"".",493000,857,,"Алия Орман в Instagram : ""Какой лайфхак понравился больше всего?

Поделитесь отзывом, кто уже пользовался моими лайфхаками ранее🥰""",trending_or_other,partial,some_fields_missing,494885,,watch,yes,2026-03-16T14:17:17.744Z
1.0,C3FDKo-g0bq,post,https://www.instagram.com/p/C3FDKo-g0bq/,p,Instagram,"про цветокоррекцию без лишних слов ↓ ↓ ↓ все свои видео и видео для клиентов я монтирую, сохраняю и провожу цветокоррекцию исключительно в CapCut. раньше очень любила приложение VN и никак не удавалось перейти на что-то другое, но стала замечать, что оно портить качество видео, в каких параметрах бы я не сохраняла его. поэтому искренняя моя рекомендация - CapCut >>> 1. Параметры при сохранении видео: разрешение - 2к/4к, частота кадров - 60, битрейт - высокий, smart HDR - выключен (ОБЯЗАТЕЛЬНО) про настройки видео ходят куча разных мнений, кто-то говорит, что надо сохранять исключительно 1080/60, потому что это размер допустимый в инсте, но советую вам пробовать и сравнивать. на своем опыте скажу, что выставление самых высоких параметров позволяет видео в инстаграм ужиматься до нужных параметров, сохраняя высокое качество. 2. переходим в раздел фильтры и выбираем вкладку «фильмы» – «зелено-оранжевый», ставим ползунок на 40-60 (как вам нравится). это тот самый фильтр, после которого меня спрашивают: «это снято на камеру?» 3. заходим в раздел «настроить» и регулируем следующие параметры: * яркость - зависит от исходного видео, я стараюсь сильно не уводить в плюс или минус, корректирую совсем немного от -10 до +10 * контраст - увожу примерно на -10, потому что ранее добавленный фильтр достаточно сильно затемняет тени. * насыщенность +5 * резкость +40 (обратите внимание, добавляем резкость именно в CapCut, а не в телефоне - разница существенная) * температура +5 ВАЖНО: качество видео зависит еще и от интернет соединения в момент загрузки! Загружайте при стабильном интернете, а лучше еще и на вай фае с хорошим подключением! был ли пост полезен? если да, буду рада вашей обратной связи в комментариях🪄✨"".",95000,427,,"Ekaterina Kondrat’eva | fashion & lifestyle influencer | UGC в Instagram : ""про цветокоррекцию без лишних слов ↓ ↓ ↓

все свои видео и видео для клиентов я монтирую, сохраняю и провожу цветокоррекцию исключительно в CapCut.

раньше очень любила приложение VN и никак не удавалось перейти на что-то другое, но стала замечать, что оно портить качество видео, в каких параметрах бы я не сохраняла его.

поэтому искренняя моя рекомендация - CapCut >>>

1. Параметры при сохранении видео:
разрешение - 2к/4к, 
частота кадров - 60,
битрейт - высокий,
smart HDR - выключен (ОБЯЗАТЕЛЬНО) 

про настройки видео ходят куча разных мнений, кто-то говорит, что надо сохранять исключительно 1080/60, потому что это размер допустимый в инсте, но советую вам пробовать и сравнивать.

на своем опыте скажу, что выставление самых высоких параметров позволяет видео в инстаграм ужиматься до нужных параметров, сохраняя высокое качество.

2. переходим в раздел фильтры и выбираем вкладку «фильмы» – «зелено-оранжевый», ставим ползунок на 40-60 (как вам нравится). это тот самый фильтр, после которого меня спрашивают: «это снято на камеру?»

3. заходим в раздел «настроить» и регулируем следующие параметры:
* яркость - зависит от исходного видео, я стараюсь сильно не уводить в плюс или минус, корректирую совсем немного
от -10 до +10
* контраст - увожу примерно на -10, потому что ранее добавленный фильтр достаточно сильно затемняет тени.
* насыщенность +5
* резкость +40 (обратите внимание, добавляем резкость именно в CapCut, а не в телефоне - разница существенная)
* температура +5

ВАЖНО: качество видео зависит еще и от интернет соединения в момент загрузки! Загружайте при стабильном интернете, а лучше еще и на вай фае с хорошим подключением!

был ли пост полезен?
если да, буду рада вашей обратной связи в комментариях🪄✨""",trending_or_other,partial,some_fields_missing,95939,,watch,yes,2026-03-16T14:17:18.251Z
1.0,C24qfCALHp8,post,https://www.instagram.com/p/C24qfCALHp8/,p,Instagram,"Новый вирусный 3-3-3 челлендж😍 #333challenge Или еще один метод создания капсул❤️ Отлично подойдет для планирования образов на определенный период, особенно удобно для коротких поездок/путешествий Попробуйте применить такой метод составляя капсулы для разного образа жизни из абсолютно разных позиций на вкус и цвет👍🏻 #стилист #стилистобучение #стилистонлайн #stylist #капсулагардероба #capsulewardrobe #styleblogger #styleinspiration #stylefashion #styleinspo #styleoftheday #fashionstyle #fashionblogger"".",32000,274,,"ТАТЬЯНА ПАК | СТИЛИСТ | ОБУЧЕНИЕ в Instagram : ""Новый вирусный 3-3-3 челлендж😍
#333challenge 

Или еще один метод создания капсул❤️
Отлично подойдет для планирования образов на определенный период, особенно удобно для коротких поездок/путешествий

Попробуйте применить такой метод составляя капсулы для разного образа жизни из абсолютно разных позиций на вкус и цвет👍🏻

#стилист #стилистобучение #стилистонлайн #stylist #капсулагардероба #capsulewardrobe #styleblogger #styleinspiration #stylefashion #styleinspo #styleoftheday #fashionstyle #fashionblogger""",trending_or_other,partial,some_fields_missing,32603,,watch,no,2026-03-16T14:17:18.636Z
1.0,C3AQMRcos2v,post,https://www.instagram.com/p/C3AQMRcos2v/,p,Instagram,"как создать такой журнал? - соберите все, что он любит в одном месте, найдите рекламу любимых брендов, напишите статью про любимый фильм/актера/еду/занятие - сделайте коллажи с детскими фотографиями и современными фотографиями - вставьте ваши фотографии - напишите вступительное слово редактора, заключение, соберите разные интервью у людей, которые ему/ей дороги - собрать можно в любом графическом редакторе (Figma, Canva, Bazart) и распечатать в Периодике @periodicapress, этот журнал я печатала через этот сервис печати фото-книг не забудь сохранить, чтобы не потерять и подписывайся @sophiyka.v здесь я создаю книги, обустраиваю pinterest квартиру, изучаю режиссуру и снимаю распакоуки 🪄👀"".",90000,333,,"☽ Соня / lifestyle influencer & ugc creator в Instagram : ""как создать такой журнал?

- соберите все, что он любит в одном месте, найдите рекламу любимых брендов, напишите статью про любимый фильм/актера/еду/занятие

- сделайте коллажи с детскими фотографиями и современными фотографиями 

- вставьте ваши фотографии

- напишите вступительное слово редактора, заключение, соберите разные интервью у людей, которые ему/ей дороги

- собрать можно в любом графическом редакторе (Figma, Canva, Bazart) и распечатать в Периодике @periodicapress, этот журнал я печатала через этот сервис печати фото-книг

не забудь сохранить, чтобы не потерять и подписывайся @sophiyka.v здесь я создаю книги, обустраиваю pinterest квартиру, изучаю режиссуру и снимаю распакоуки 🪄👀""",trending_or_other,partial,some_fields_missing,90733,,watch,no,2026-03-16T14:17:19.311Z
1.0,C25cJ9ErDLF,post,https://www.instagram.com/p/C25cJ9ErDLF/,p,Instagram,"Матовыми очень стойкими помадами уже никого не удивишь, а вот как работает глянцевая я не понимаю !! К тому же, помада продержалась весь вечер! Пережила все напитки и еду 😨 в еще она не сушит!! Кажется это идеал 🫠"".",144000,766,,"Elizaveta Vekshtein в Instagram : ""Матовыми очень стойкими помадами уже никого не удивишь, а вот как работает глянцевая я не понимаю !! К тому же, помада продержалась весь вечер! Пережила все напитки и еду 😨 в еще она не сушит!! Кажется это идеал 🫠""",trending_or_other,partial,some_fields_missing,145685,,watch,yes,2026-03-16T14:17:20.089Z
1.0,C0jQdS-tmtB,post,https://www.instagram.com/p/C0jQdS-tmtB/,p,Instagram,"капсулу на осень/зиму смотри в профиле @valitova.k ✨ я через 3 дня переезжаю на море, поэтому начала готовить гардероб заранее, на видео конечно не вся одежда, которую я беру с собой.. но не будем путать переезд с 10-дневным отпуском) кстати, интересно, сколько вещей в отпуск берете вы? пишите в комментариях ⬇️ я из 8 вещей: хлопковый комплект(бюст и трусики), 2 топа, 2 низа, 2 рубашки, собрала образов минимум на две недели. так что в поездки всегда советую оставлять образы заранее и брать вещи, которые дружат друг с другом) все поместится даже в ручную кладь и останется место для фруктов на обратную дорогу) все вещи отмечу в хайлайте «где купила» @valitova.k 🤍 подписывайся, я делюсь стильными находками, лайфхаками блоггеров и совсем скоро переезжаю заграницу!"".",16000,450,,"Карина | стилист, фотограф, ugc-креатор пхукет в Instagram : ""капсулу на осень/зиму смотри в профиле @valitova.k ✨

я через 3 дня переезжаю на море, поэтому начала готовить гардероб заранее, на видео конечно не вся одежда, которую я беру с собой.. но не будем путать переезд с 10-дневным отпуском)

кстати, интересно, сколько вещей в отпуск берете вы? пишите в комментариях ⬇️

я из 8 вещей: хлопковый комплект(бюст и трусики), 2 топа, 2 низа, 2 рубашки, собрала образов минимум на две недели. так что в поездки всегда советую оставлять образы заранее и брать вещи, которые дружат друг с другом) все поместится даже в ручную кладь и останется место для фруктов на обратную дорогу)

все вещи отмечу в хайлайте «где купила» @valitova.k 🤍 подписывайся, я делюсь стильными находками, лайфхаками блоггеров и совсем скоро переезжаю заграницу!""",trending_or_other,partial,some_fields_missing,16990,,watch,no,2026-03-16T14:17:20.676Z
1.0,C1K7gVbsHwh,post,https://www.instagram.com/p/C1K7gVbsHwh/,p,Instagram,"✨🪐🌙 Song: Luminary by @joelsvnny"".",1000000,1985,,"Tarek Saydé в Instagram : ""✨🪐🌙

Song: Luminary by @joelsvnny""",trending_or_other,partial,some_fields_missing,1004367,,watch,yes,2026-03-16T14:17:20.998Z
1.0,C1kLa3OqJhQ,post,https://www.instagram.com/p/C1kLa3OqJhQ/,p,Instagram,"Год в пикселях – один из любимых разворотов в моем ежедневнике✨️ Он классно выглядит. Можно выбрать любые цвета и любое оформление. Его интересно пересматривать в конце года. И самое главное – закрашивая новый квадратик, я анализирую прошедший день ❗️Подробный туториал на трекер смотри в актуальном «туториал» #саморазвитие #ежедневник #меняюжизнь"".",139000,520,,"Алла Кастелл | писательница в Instagram : ""Год в пикселях – один из любимых разворотов в моем ежедневнике✨️

Он классно выглядит. Можно выбрать любые цвета и любое оформление. Его интересно пересматривать в конце года.

И самое главное – закрашивая новый квадратик, я анализирую прошедший день

❗️Подробный туториал на трекер смотри в актуальном «туториал»

#саморазвитие #ежедневник #меняюжизнь""",trending_or_other,partial,some_fields_missing,140144,,watch,yes,2026-03-16T14:17:21.926Z
1.0,C1z-crdrxLG,post,https://www.instagram.com/p/C1z-crdrxLG/,p,Instagram,"Isn’t this the coolest design I ever made? 🥹 Never thought I will be a creative embroidery artist someday and inspire/teach others to create needle art with my (mostly beginner friendly) patterns and tutorials 🥹 #tulleembroidery #flowerembroidery #adhdhobby #adhdartist #denimembroidery #upcyclingfashion #diyjeans #modernembroidery #needleart #stitchersgonnastitch #needlework #craftideas #diyclothes #upcycled #fashionembroidery #stiching #stickenistmeinyoga #creativemeditation #crafttherapy #smallbusinesswomen #womensupportingwomen"".",2000000,4048,,"GetStitchDone в Instagram : ""Isn’t this the coolest design I ever made? 🥹

Never thought I will be a creative embroidery artist someday and inspire/teach others to create needle art with my (mostly beginner friendly) patterns and tutorials 🥹 

#tulleembroidery #flowerembroidery #adhdhobby #adhdartist #denimembroidery #upcyclingfashion #diyjeans #modernembroidery #needleart #stitchersgonnastitch #needlework #craftideas #diyclothes #upcycled #fashionembroidery #stiching #stickenistmeinyoga #creativemeditation #crafttherapy #smallbusinesswomen #womensupportingwomen""",trending_or_other,partial,some_fields_missing,2008906,,watch,yes,2026-03-16T14:17:22.516Z
1.0,C1fCtYvRWXB,post,https://www.instagram.com/p/C1fCtYvRWXB/,p,Instagram,"doing these little tattoos makes me so happy 😇"".",627000,410,,"Sam’s Tattoos в Instagram : ""doing these little tattoos makes me so happy 😇""",trending_or_other,partial,some_fields_missing,627902,,watch,yes,2026-03-16T14:17:23.100Z
1.0,C0v0Z8WitcQ,post,https://www.instagram.com/p/C0v0Z8WitcQ/,p,Instagram,"новогодний вайб подъехал ! @sayyesbaby.ru кимоно распродано"".",113000,402,,"SAYYESBABY в Instagram : ""новогодний вайб подъехал ! @sayyesbaby.ru

кимоно распродано""",trending_or_other,partial,some_fields_missing,113884,,watch,yes,2026-03-16T14:17:23.880Z
1.0,C0uQJnkvyGW,post,https://www.instagram.com/p/C0uQJnkvyGW/,p,Instagram,,1000000,840,,Brooke Monk в Instagram ,trending_or_other,partial,some_fields_missing,1001848,,watch,yes,2026-03-16T14:17:24.372Z
1.0,C0enMY2uAv7,post,https://www.instagram.com/p/C0enMY2uAv7/,p,Instagram,"🧝🏼‍♀️⚔️🌙🖤"".",2000000,8048,,"Uma | Engagement Rings в Instagram : ""🧝🏼‍♀️⚔️🌙🖤""",trending_or_other,partial,some_fields_missing,2017706,,watch,yes,2026-03-16T14:17:24.580Z
